,tipo,B-MODALIDADE_LICITACAO,I-MODALIDADE_LICITACAO,B-NUM_LICITACAO,B-PROCESSO,B-ORGAO_LICITANTE,I-ORGAO_LICITANTE,B-IDENTIFICACAO_OCORRENCIA,B-NOME_RESPONSAVEL,I-NOME_RESPONSAVEL,B-DATA_ESCRITO,I-DATA_ESCRITO,I-NUM_LICITACAO,I-PROCESSO
0,anulacao,0.9088355158407603,0.9088355158407603,0.9088355158407603,0.5906190026637591,0.9088355158407603,0.9088355158407603,0.9088355158407603,0.9088355158407603,0.9088355158407603,0.9088355158407603,0.9088355158407603,0.9088355158407603,0.42905586477015045
