,tipo,B-MODALIDADE_LICITACAO,I-MODALIDADE_LICITACAO,B-NUM_LICITACAO,B-PROCESSO,B-ORGAO_LICITANTE,I-ORGAO_LICITANTE,B-OBJ_LICITACAO,I-OBJ_LICITACAO,B-VALOR_ESTIMADO,B-DATA_ABERTURA,B-SISTEMA_COMPRAS,B-CODIGO_SISTEMA_COMPRAS,B-NOME_RESPONSAVEL,I-NOME_RESPONSAVEL,I-DATA_ABERTURA,I-SISTEMA_COMPRAS,I-VALOR_ESTIMADO,I-PROCESSO,B-TIPO_OBJ,I-NUM_LICITACAO,I-TIPO_OBJ,I-CODIGO_SISTEMA_COMPRAS
0,licitacao,0.9485336867748277,0.9485336867748277,0.9301554883642835,0.8841313592400779,0.9279186305546024,0.9279186305546026,0.9301554883642835,0.9301554883642835,0.9280284694076512,0.9301554883642835,0.9279186305546026,0.9485336867748277,0.9282874872350725,0.9282874872350726,0.9301554883642835,0.9283961860040697,0.9301554883642835,0.8865872796824115,0.8841313592400779,0.8942640192870882,0.8572195721190728,0.9485336867748277
