,tipo,B-NUM_LICITACAO,B-ORGAO_LICITANTE,I-ORGAO_LICITANTE,B-MODALIDADE_LICITACAO,I-MODALIDADE_LICITACAO,B-OBJ_LICITACAO,I-OBJ_LICITACAO,B-PROCESSO,B-NOME_RESPONSAVEL,I-NOME_RESPONSAVEL,B-DECISAO_TCDF,I-DECISAO_TCDF,I-PROCESSO
0,suspensao,0.9056884711087048,0.9056884711087048,0.9056884711087048,0.9056884711087048,0.9056884711087048,0.9056884711087048,0.9056884711087048,0.6740136280057228,0.9056884711087048,0.9056884711087048,0.9056884711087048,0.9056884711087048,0.6639427177817557
